fname,label,Acoustic_guitar,Bass_drum,Cello,Clarinet,Double_bass,Flute,Hi-hat,Saxophone,Snare_drum,Violin_or_fiddle,y_pred
5388d14d.wav,Saxophone,5.535470700124279e-05,0.007088784594088793,0.00039109960198402405,0.0001118879226851277,0.0012608226388692856,0.014743807725608349,8.741519081922888e-07,0.9637880325317383,2.5622593966545537e-06,0.01255690585821867,Saxophone
c685f05f.wav,Saxophone,0.002136202296242118,0.0016801751917228103,0.0008916837396100163,0.0011278686579316854,0.00011663022451102734,6.591155397472903e-05,0.0002926166926044971,0.9926994442939758,9.96479229797842e-06,0.000979508738964796,Saxophone
36d20ab5.wav,Saxophone,6.927810318302363e-05,2.5173305857606465e-06,9.572060662321746e-05,4.533506580628455e-05,0.00014505583385471255,0.0002145346370525658,2.3199621043690222e-11,0.9994263052940369,6.806946544202219e-07,9.476015065956744e-07,Saxophone
d6665734.wav,Saxophone,0.002038237638771534,6.772652909603494e-07,0.008037334308028221,0.0005336545873433352,0.00835876353085041,0.014208917506039143,2.3541035787388864e-08,0.9650487303733826,0.0004984231200069189,0.0012755916686728597,Saxophone
7352e28f.wav,Saxophone,5.655644486068923e-07,8.87330833809763e-11,3.832408310699975e-06,8.481559780193493e-05,8.784758733781928e-07,0.02723107859492302,8.747671098770227e-13,0.9726462364196777,5.54306600619725e-11,3.287785511929542e-05,Saxophone
8fa096bf.wav,Saxophone,0.009794372133910656,0.00033261903445236385,0.00039336620829999447,1.0141446182387881e-05,0.009265022352337837,0.0003989205288235098,0.0004550731391645968,0.976967990398407,0.0014452674658969045,0.0009374266373924911,Saxophone
2f9c5f62.wav,Saxophone,2.603677330625942e-06,1.6247102552213732e-09,1.395768686052179e-05,0.12701046466827393,0.011562700383365154,7.102196104824543e-05,1.46475470641505e-10,0.861339271068573,1.0594251170781277e-10,9.492801922306171e-08,Saxophone
9cd05a2b.wav,Saxophone,4.044042967166206e-08,3.1983099502141954e-10,2.5527886009513168e-06,0.00010979375656461343,4.0280627899846877e-07,0.0003871835651807487,6.837622644733504e-14,0.9946349859237671,2.3953564465273303e-08,0.004865668248385191,Saxophone
ab465bf9.wav,Saxophone,0.00010328603821108118,3.93511528917756e-10,2.941320076388365e-07,2.6982113922713324e-05,4.260153218638152e-05,0.0012358441017568111,1.5890810734875242e-14,0.9985618591308594,1.4086524970480241e-05,1.4963756257202476e-05,Saxophone
c40632d7.wav,Saxophone,0.006205289158970118,0.001257586758583784,0.025365397334098816,0.01284877397119999,0.010306596755981445,0.048842206597328186,0.0007838574820198119,0.8769896030426025,0.009725178591907024,0.007675568573176861,Saxophone
3a80061f.wav,Saxophone,5.901404801988974e-05,5.995246254997255e-08,0.00010825427307281643,0.0026565496809780598,0.0022658833768218756,0.0024391179904341698,2.6122042029452786e-11,0.9891713261604309,3.307886231596058e-07,0.003299536183476448,Saxophone
dba6817d.wav,Saxophone,0.00014398578787222505,0.00039605714846402407,0.009639629162847996,1.0726694199547637e-05,0.005571385845541954,0.00010403311171103269,2.0591130578395678e-07,0.9758432507514954,0.0064847273752093315,0.0018058947753161192,Saxophone
25f26095.wav,Saxophone,0.00020187087648082525,0.0012749829329550266,0.00035865380777977407,0.00040861539309844375,8.784649253357202e-05,0.0013283549342304468,6.458695679611992e-06,0.9843144416809082,1.6985628462862223e-05,0.012001740746200085,Saxophone
37cebbd4.wav,Saxophone,5.453638095787028e-06,1.020511009031111e-09,1.1127946208944195e-06,5.739345354527359e-08,1.9440236428636126e-05,0.00018223658844362944,1.3455443356735763e-12,0.9997349977493286,3.470477030753649e-11,5.714462531614117e-05,Saxophone
f8d96888.wav,Saxophone,0.001618466805666685,3.8143380152177997e-06,0.009259231388568878,0.0006910150405019522,0.006929860450327396,0.01607079990208149,1.6218980647408898e-07,0.9583178758621216,0.0008583611925132573,0.006250695791095495,Saxophone
d94c94f0.wav,Saxophone,0.01040007546544075,5.32502745045349e-05,0.009572403505444527,0.00044051697477698326,9.24742707866244e-05,1.3980473340780009e-05,0.000167653284734115,0.9791104197502136,2.45605315285502e-05,0.00012454281386453658,Saxophone
ec6afeb6.wav,Saxophone,0.0003967832017224282,2.935087719743712e-12,4.373624688014388e-05,0.0004367051587905735,2.012728145928122e-06,0.0008714228169992566,3.413753519232107e-14,0.996418297290802,0.0016898993635550141,0.00014180147263687104,Saxophone
5f0dc8e4.wav,Saxophone,1.4514348549710121e-05,1.4658438018955167e-08,2.1551578299749963e-08,0.0001442642096662894,0.0003437184786889702,8.424668521911371e-06,2.386635680751148e-11,0.9994858503341675,6.946367925309005e-09,3.3695991987769958e-06,Saxophone
b8c0a88a.wav,Saxophone,4.308052302803844e-05,5.628582669392479e-12,0.014191776514053345,2.693775422812905e-05,2.8011296308250166e-05,0.006769030820578337,2.0827527968611276e-15,0.9789363741874695,2.350287520158645e-09,4.868344149144832e-06,Saxophone
96dad435.wav,Saxophone,0.0054176924750208855,5.1538804474171585e-11,4.5940983000036795e-06,0.010348977521061897,1.4653297512268182e-05,0.0009689776343293488,1.5346208678823636e-11,0.9829725623130798,1.1432250285325907e-10,0.0002725682861637324,Saxophone
b120dc90.wav,Saxophone,2.928790490841493e-05,0.0007826180662959814,0.0003415765822865069,0.002027011476457119,0.011920778080821037,0.0010818445589393377,1.8375888544142072e-07,0.9836348295211792,5.736666480515851e-06,0.00017620982544030994,Saxophone
c1948f24.wav,Saxophone,3.958412833071634e-07,2.1718413525939617e-11,0.00010252987704006955,0.00028311999631114304,4.513032763497904e-06,0.037537116557359695,1.1622969947611139e-10,0.9620715379714966,2.5612956200404824e-11,6.29841736099479e-07,Saxophone
ac097834.wav,Saxophone,0.00019410776440054178,1.9400647943257354e-05,0.004507115110754967,2.345854591112584e-05,0.0027989759109914303,0.004003108479082584,4.746061182947514e-11,0.9883483648300171,1.3696515452465974e-05,9.17285360628739e-05,Saxophone
4345851e.wav,Saxophone,0.004752828739583492,7.1132590164779685e-06,0.004546072334051132,0.00037989349220879376,0.0065433974377810955,0.021785633638501167,1.251352301778752e-07,0.9564163684844971,0.00019362595048733056,0.005374936852604151,Saxophone
5d4f8187.wav,Saxophone,6.365845183609053e-05,9.241703651241551e-07,0.0014042806578800082,0.022420432418584824,7.710717397912958e-08,0.0004906665999442339,3.200810567705048e-07,0.9694442749023438,0.006173953879624605,1.2972298009117367e-06,Saxophone
b83049f4.wav,Saxophone,1.5366644220193848e-05,0.0016323851887136698,0.00030403677374124527,7.08587613189593e-05,0.0008031215402297676,5.54956313862931e-05,3.800678030074778e-07,0.9970974922180176,1.4807649222348118e-06,1.948219141922891e-05,Saxophone
c1c3c8b9.wav,Saxophone,3.845382161671296e-05,4.3910044489337e-09,1.486777023274044e-06,3.753196722300345e-07,0.003830359084531665,0.0038163692224770784,5.432246585066261e-14,0.975334107875824,1.491990531772222e-13,0.016979321837425232,Saxophone
78a86075.wav,Saxophone,0.0016970556462183595,7.753955344469432e-08,0.0008997863624244928,0.0045112925581634045,0.004314033314585686,0.0055030412040650845,3.546464233394886e-09,0.9804891347885132,1.2738088805974712e-08,0.002585657872259617,Saxophone
f0d315bc.wav,Saxophone,0.00905995536595583,1.2699605576926842e-05,0.017610490322113037,0.004117588046938181,0.008052604272961617,0.002097192220389843,1.3594910086567324e-08,0.9455347061157227,0.0008777307812124491,0.012637079693377018,Saxophone
9c0838c1.wav,Saxophone,0.010607016272842884,1.188494024972897e-06,0.0008017780492082238,2.940298327303026e-05,0.0010614173952490091,0.017207415774464607,1.0314027409918936e-09,0.9694200754165649,8.770635417931771e-07,0.0008709764806553721,Saxophone
d6144e01.wav,Violin_or_fiddle,1.3751371625403408e-05,2.877809947932971e-19,3.7303241384734065e-08,0.012527246959507465,1.9746525595221165e-11,5.269730429802166e-09,7.413226512653637e-07,4.8212236833933275e-06,6.039879967695283e-12,0.9874534010887146,Violin_or_fiddle
cfb9c5fd.wav,Violin_or_fiddle,0.00984682235866785,1.4917431734318143e-09,5.152605808689259e-06,0.02274986542761326,1.9176835674983295e-09,0.020817207172513008,8.849446686554074e-08,1.0214487701887265e-05,6.769003812223673e-05,0.9465029239654541,Violin_or_fiddle
c6865306.wav,Violin_or_fiddle,0.045104894787073135,3.1377599043480586e-06,0.01355932466685772,0.004109577275812626,0.000588681548833847,0.00539398891851306,7.215547270789102e-08,0.007555158343166113,0.00034482809132896364,0.9233404994010925,Violin_or_fiddle
642aba58.wav,Violin_or_fiddle,1.696469189482741e-05,8.774840229430758e-12,1.8454142036716803e-06,6.116003419265326e-07,8.142558840518177e-07,0.0009150604018941522,4.53600400513246e-13,0.000903248437680304,1.3734657855479782e-09,0.9981614947319031,Violin_or_fiddle
848faca3.wav,Violin_or_fiddle,1.0347567069857178e-07,2.603299799375236e-05,0.003186797723174095,3.887756783171881e-09,4.1162774522263135e-08,2.8662719842031947e-07,2.079083287753747e-06,4.165121208643541e-05,4.4891385186929256e-06,0.9967385530471802,Violin_or_fiddle
7eb9dac0.wav,Violin_or_fiddle,0.000258223939454183,2.5755598542787084e-08,0.00216558831743896,1.0580443188246136e-08,6.289881115950635e-11,3.431647712659469e-07,0.010365460999310017,1.2490020253608236e-06,0.000489415368065238,0.9867196679115295,Violin_or_fiddle
8d7d7dba.wav,Violin_or_fiddle,0.0009690371807664633,7.887121000749175e-07,0.009668559767305851,0.0004478831251617521,0.0009442239534109831,0.006293075624853373,7.078748609501417e-08,0.011280443519353867,0.005516245495527983,0.9648800492286682,Violin_or_fiddle
2424ad60.wav,Violin_or_fiddle,0.0007050791173242033,1.7183974729273466e-11,0.00011365382670192048,2.6404651798372925e-09,6.23859408577232e-10,1.6514970866410295e-06,1.3028989442886996e-08,2.2443309717345983e-05,4.1861439967760816e-05,0.9991152882575989,Violin_or_fiddle
ba648ac1.wav,Violin_or_fiddle,7.021813143957834e-13,2.1377728129124046e-19,7.256829581692159e-10,4.9681666496326216e-06,1.0868952290380048e-14,8.160641584709083e-08,2.447883204730744e-13,0.00012949721713084728,2.1668372662559526e-13,0.9998654127120972,Violin_or_fiddle
2e4a9850.wav,Violin_or_fiddle,0.007910756394267082,1.187359766063878e-09,1.8648991044756258e-06,3.4216413951071445e-06,3.9307937527155445e-07,0.0005242453771643341,8.540302223991603e-05,2.193512955273036e-05,3.879027765663068e-09,0.9914520382881165,Violin_or_fiddle
2cc8683d.wav,Violin_or_fiddle,1.2957558637172184e-11,1.4022872273089515e-11,5.744370241700381e-07,8.804391171679526e-08,8.970910125860598e-10,3.2870793802430853e-06,2.271503399242647e-05,0.002603205619379878,6.928209768375382e-05,0.997300922870636,Violin_or_fiddle
7b6a119e.wav,Violin_or_fiddle,8.08009717729874e-05,9.351620633424318e-07,0.022805966436862946,6.621048669330776e-07,3.2732959454051525e-08,6.74942639307119e-05,0.00021651976567227393,0.0035058166831731796,0.00010445571388117969,0.9732171893119812,Violin_or_fiddle
68589f79.wav,Violin_or_fiddle,5.065894015388039e-07,7.921885125964853e-14,8.337800672109097e-09,1.28163401313941e-06,2.2395749699199996e-09,1.7969297161357645e-08,3.0098837669356726e-05,1.7283612407936744e-07,2.1356328261390445e-08,0.9999678730964661,Violin_or_fiddle
fec00143.wav,Violin_or_fiddle,1.2993886002732324e-06,5.93426484556403e-05,7.789090159349144e-05,0.0002978708071168512,2.592035116322222e-06,0.0017160389106720686,1.878417606349103e-05,0.007678587920963764,6.044398332960554e-07,0.9901469945907593,Violin_or_fiddle
1b24c166.wav,Violin_or_fiddle,8.744411024963483e-05,9.020288871397497e-08,0.003527818713337183,2.6757825253298506e-06,1.2506307989212928e-08,0.007734040729701519,1.2036273801641073e-05,1.3190121535444632e-05,2.5139721401501447e-05,0.9885976314544678,Violin_or_fiddle
6eb59008.wav,Violin_or_fiddle,1.5620834625806879e-09,1.0145404303329997e-06,1.687452169107928e-07,1.0872592611121945e-05,3.1838247593896085e-08,1.8874170564231463e-06,0.011486626230180264,6.577738531632349e-05,0.027040556073188782,0.9613930583000183,Violin_or_fiddle
0e7cd4eb.wav,Violin_or_fiddle,0.008120535872876644,6.436858529923484e-05,0.010984919033944607,0.0015383660793304443,0.0144945764914155,0.012367507442831993,0.00028955694870091975,0.01624191738665104,0.006199993658810854,0.9296980500221252,Violin_or_fiddle
56e79c6f.wav,Violin_or_fiddle,0.014060464687645435,1.0605896250126534e-06,0.008270380087196827,0.002912150928750634,2.6281799847538423e-08,0.0028814193792641163,0.0003924771735910326,0.018590131774544716,1.998980951611884e-05,0.9528722763061523,Violin_or_fiddle
cdc5fe8e.wav,Violin_or_fiddle,1.2870877981185913e-06,3.521539948536656e-09,1.7498338138466352e-06,1.1196978277894232e-07,9.067225619219244e-07,0.002824743976816535,0.00012932700337842107,0.0004208504979033023,1.8216566388673527e-07,0.9966208338737488,Violin_or_fiddle
b38409bb.wav,Violin_or_fiddle,9.179657922686602e-08,2.1291054043501983e-14,3.69186381021791e-07,9.631611419536057e-07,6.141804398396289e-09,2.0500499431364005e-06,5.926769404140941e-07,6.9901004984274095e-09,4.03168627371997e-07,0.9999955296516418,Violin_or_fiddle
c8c117dc.wav,Violin_or_fiddle,1.0870742528368282e-07,1.5564555454691278e-15,1.1626248124230187e-06,6.276437858332429e-08,2.9200777906801534e-10,4.489762886805693e-06,1.7760012904766143e-10,2.7881176833943755e-07,5.175349081579239e-13,0.9999939203262329,Violin_or_fiddle
b73c3595.wav,Violin_or_fiddle,2.8167011123514385e-07,5.168961179219389e-12,5.227439601185324e-07,9.63309640389376e-11,9.675708151357654e-11,4.331888803221773e-08,5.1165357035642955e-06,3.3259133225271853e-09,2.5390575046913e-06,0.9999914765357971,Violin_or_fiddle
d84c8c43.wav,Violin_or_fiddle,1.0851301036966664e-17,5.209981901646186e-20,3.001779521225544e-15,5.846901296457929e-10,1.0602604685940064e-15,2.5577950868438393e-10,6.04134635113357e-13,2.904072982090611e-09,2.1504713565434486e-09,1.0,Violin_or_fiddle
d914225a.wav,Violin_or_fiddle,0.00703581003472209,1.0618293799780076e-06,0.0006093164556659758,1.7593938537174836e-05,0.0038749282248318195,0.0034536197781562805,1.6119734027597588e-06,0.016328148543834686,9.989434346380222e-08,0.9686778783798218,Violin_or_fiddle
1148986e.wav,Violin_or_fiddle,0.0642557293176651,7.168465998574902e-08,0.0011203570757061243,2.3972611984390824e-07,0.00011349622218403965,0.0002795400796458125,5.38146575912446e-11,0.001546192797832191,0.00010715577082009986,0.9325772523880005,Violin_or_fiddle
e3f479f3.wav,Violin_or_fiddle,0.00027621022309176624,1.8637105085872463e-06,0.002519714180380106,1.9793265892076306e-05,1.0279012363501039e-10,0.002578278537839651,0.0022373755928128958,0.019364459440112114,7.679882401134819e-06,0.9729949235916138,Violin_or_fiddle
aab28420.wav,Violin_or_fiddle,3.2378659757699435e-13,3.807883944622382e-21,1.6255344292837037e-10,9.653246524976566e-05,5.603720527831485e-15,3.311359364488453e-07,3.877004051133781e-09,2.6683622422751796e-08,1.8315474137331478e-11,0.99990314245224,Violin_or_fiddle
21346775.wav,Violin_or_fiddle,6.581200068467297e-06,0.0022582057863473892,0.0006340176914818585,9.90340322459815e-06,0.00024863090948201716,2.1722202291130088e-05,8.742749173507036e-07,0.0009839668637141585,1.052626316777605e-06,0.9958350658416748,Violin_or_fiddle
cdeece57.wav,Violin_or_fiddle,0.010140065103769302,9.538013824930691e-13,6.080150797060924e-06,0.0007168015581555665,6.309674205340343e-08,0.011624902486801147,6.571338584393516e-09,0.0005127467447891831,1.538079573037976e-06,0.9769979119300842,Violin_or_fiddle
c9fb642d.wav,Violin_or_fiddle,0.050134602934122086,0.0001684797607595101,0.0003572535642888397,0.00047059173812158406,0.04432414472103119,0.006570570170879364,3.064238399019814e-06,0.05611473321914673,0.0006406242027878761,0.8412159085273743,Violin_or_fiddle
078f7ac0.wav,Hi-hat,3.677384091682612e-11,8.737110340772958e-11,1.3466779691384545e-08,1.851436213541613e-13,6.011788549868815e-17,1.0894873891942325e-10,0.9999995827674866,1.344435105465891e-07,1.1192465620979419e-07,2.0197863648263592e-07,Hi-hat
e897db78.wav,Hi-hat,1.0422222031800446e-14,2.388486327123407e-12,6.671072722008731e-11,1.671349826115956e-14,1.8030790903964265e-20,5.454309421649983e-13,1.0,2.876384996852721e-08,1.9320807176370636e-09,4.227228789233095e-09,Hi-hat
b31ed1fb.wav,Hi-hat,1.0832674206540105e-06,2.709618058815977e-07,5.920846888329834e-05,3.995300801307167e-08,1.3440977220113837e-08,1.0121862942469306e-05,0.9963707327842712,9.114160639001057e-05,0.0031891672406345606,0.0002781983930617571,Hi-hat
06c48eab.wav,Hi-hat,2.023428733594068e-12,1.9625207015039337e-10,3.4226868006470568e-09,8.438871346508336e-13,3.015467401599606e-17,6.579171235587822e-11,0.9999989867210388,9.267304221793893e-07,8.592141220731264e-09,9.69013314033873e-08,Hi-hat
2503aaa1.wav,Hi-hat,8.994971434361787e-12,7.303477961295712e-11,7.020684034131364e-10,1.5770709933284055e-13,2.470910416118184e-17,1.1917945796913187e-10,0.9999991655349731,8.346632398570364e-07,1.790927939282483e-08,1.3035929669058532e-07,Hi-hat
3d3439f1.wav,Hi-hat,2.7411454182890704e-12,1.0008339990097426e-10,6.545983199934824e-10,1.7921002680963694e-13,3.4032764320572816e-18,1.0221275865626711e-12,0.9999999403953552,3.5328144853963295e-09,8.231311454665047e-08,4.0123346312093133e-10,Hi-hat
34a90030.wav,Hi-hat,1.6331712729151376e-13,8.188457914113864e-14,6.168788591054408e-09,1.5727757637917783e-11,6.063525988167501e-19,9.70221906287927e-12,1.0,7.275279045870775e-09,9.468986705840621e-11,5.710324302299341e-08,Hi-hat
da4b0379.wav,Hi-hat,2.6959099015677612e-12,1.0127512543867123e-11,1.8407241286766407e-09,3.3060797155481936e-11,1.1234466647696743e-16,9.321411004181712e-11,0.9999997615814209,1.2421553563513044e-08,1.6900036925449058e-08,2.259315863284428e-07,Hi-hat
a090c45a.wav,Hi-hat,2.792190090250557e-11,6.957695530829255e-10,1.5031084155125995e-09,1.607902721557919e-12,2.2466890490152724e-17,9.845002417463444e-12,0.9999992251396179,2.0148893042915006e-07,5.514624490388087e-07,3.995495490016765e-08,Hi-hat
41897c32.wav,Hi-hat,1.647634112478258e-11,1.7141840030765465e-11,4.228521352511727e-11,5.979771122710531e-10,1.8875885469775321e-19,2.476658877981208e-10,0.9999515414237976,3.1887171644484624e-05,1.4167460449243663e-06,1.5215096937026829e-05,Hi-hat
2032be87.wav,Hi-hat,1.410898134435179e-11,1.5614062126578787e-11,4.9171205773745896e-08,1.15291137747775e-10,4.2080948867662343e-16,1.0785022874770789e-09,0.9999987483024597,8.501617116962734e-07,2.8853499589587273e-09,2.9054382366666687e-07,Hi-hat
73677128.wav,Hi-hat,2.4655798236405957e-11,8.30899151565978e-12,1.5702667610639764e-08,2.6930414753138614e-14,3.27134745228676e-17,9.224101343852098e-11,0.9999998807907104,1.064071426526425e-07,5.404650504914343e-09,1.578213448816257e-09,Hi-hat
c53a217e.wav,Hi-hat,8.586968809620732e-12,1.80588079212729e-11,1.2848838659706985e-10,4.02846592889583e-13,4.084138430903815e-17,1.2047078890020657e-08,0.9999988675117493,1.1238229262744426e-06,7.987221550820323e-09,4.357638161422983e-08,Hi-hat
f0dfe343.wav,Hi-hat,1.6392755242122803e-07,3.081543127336772e-07,0.00013333235983736813,3.6781881362912827e-07,3.949744177556003e-12,7.735802682873327e-06,0.9994797706604004,0.00034715363290160894,2.6822872314369306e-06,2.850493365258444e-05,Hi-hat
0ed06544.wav,Hi-hat,1.0822500881579877e-11,3.374515666898503e-10,5.3325177606922125e-11,1.7066499038639882e-12,8.00533379548881e-16,1.3821295397065114e-07,0.9999976754188538,2.1271523564792005e-06,8.713281829386688e-08,2.0893013541467553e-08,Hi-hat
99c96a07.wav,Hi-hat,2.314759761645746e-08,1.127895029640058e-05,7.38444668968441e-06,7.008174485179097e-09,7.675882499058595e-12,1.4909906198568024e-08,0.9997114539146423,3.1859373848419636e-05,0.00014894134073983878,8.910568431019783e-05,Hi-hat
3a3d0279.wav,Hi-hat,2.5607010002010044e-12,3.164948858547234e-10,8.83089920633573e-11,6.560254726603598e-13,4.061593292436437e-19,2.12868785098852e-12,0.9999998807907104,9.165687941958822e-08,1.9001696216491837e-08,5.335091257663294e-10,Hi-hat
612702c3.wav,Hi-hat,3.080082196238454e-12,1.6713957995406759e-10,6.200767677100316e-11,1.4363694695457285e-13,7.574704834180041e-20,6.810533248469142e-10,0.9999875426292419,1.1346380233590025e-05,8.962650066557387e-10,1.0975376198985032e-06,Hi-hat
d6854eb4.wav,Hi-hat,2.3019135824142722e-06,1.1253398213284527e-08,6.178450712468475e-05,1.1647391602309654e-06,1.266265847732484e-08,0.02621498890221119,0.9676523804664612,0.00020926253637298942,2.636976023495663e-05,0.005831575952470303,Hi-hat
52300f9b.wav,Hi-hat,4.4730863978104107e-13,4.0573786192800443e-13,1.8714203520175943e-09,1.4918050993194092e-14,3.6979166152850215e-19,2.4893073713450065e-12,1.0,1.4331575037829225e-08,2.255378106497119e-10,2.134428811473299e-08,Hi-hat
09a1cfd7.wav,Hi-hat,1.6381866349557406e-11,2.669006704536514e-08,5.97376981215092e-10,5.118705372758603e-12,1.4651631814470065e-17,1.1802281157588523e-12,0.9999857544898987,5.7187761193233655e-09,1.415702990925638e-05,5.175166961635114e-09,Hi-hat
3aafb6ad.wav,Hi-hat,2.669434593371989e-07,3.3951423006328696e-08,5.605656042462215e-06,5.647839487754602e-11,9.172041598448644e-12,2.0710324122319435e-08,0.9895023107528687,3.357350124133518e-06,0.010488027706742287,2.979270163905312e-07,Hi-hat
493c247b.wav,Hi-hat,2.0428292737961762e-11,1.9910175938497865e-11,3.8447277006525837e-07,1.6400951777240103e-12,4.278694553524288e-16,2.9911148557992817e-10,0.9999985098838806,1.0855686696231714e-06,4.986081947322418e-08,4.8894577275859774e-08,Hi-hat
5ec7ad26.wav,Hi-hat,1.908455393717645e-09,1.8920607303130055e-08,2.5011199777935644e-09,2.7492335664958123e-12,1.0424282015928168e-15,1.6717160988832802e-10,0.9830771088600159,1.0030292685314635e-07,0.016922157257795334,6.036082709215407e-07,Hi-hat
a1b369d7.wav,Hi-hat,1.470006928683265e-11,2.5821600066477934e-11,7.442409535873828e-12,1.3841057466823514e-10,5.795147884659524e-20,3.812770932309917e-11,0.9999732971191406,1.8830865883501247e-05,1.6445389974251157e-06,6.208793820405845e-06,Hi-hat
8cd809d3.wav,Hi-hat,1.6789497570002254e-10,3.7263558905209493e-10,3.486960054033261e-08,3.2146247885833645e-09,6.03763708374326e-16,1.1206925165652137e-08,0.9999561905860901,3.781916120715323e-06,7.373736821136845e-07,3.932349500246346e-05,Hi-hat
aed9d22f.wav,Hi-hat,4.235747863567951e-11,2.477122847122093e-11,5.8249426615475386e-08,8.19854370482341e-14,6.59667538785975e-17,8.651011157434496e-11,0.9999997615814209,1.7695919041216257e-07,1.567738472374458e-08,1.4865947584041805e-08,Hi-hat
a7964699.wav,Hi-hat,1.7025022502892284e-09,8.880014235046474e-08,1.8399266537016956e-06,2.760887699015946e-11,7.356198441187123e-13,9.840236403491076e-10,0.9989258646965027,3.0402151196540217e-07,0.0008461984689347446,0.0002258261083625257,Hi-hat
da3f8050.wav,Hi-hat,6.618578463069014e-10,1.3577360347127865e-09,1.2277369876301236e-07,2.2301181734629694e-10,5.787185509455173e-13,1.2257362413947703e-06,0.999817967414856,0.00011303662176942453,2.9817934432685433e-07,6.74650291330181e-05,Hi-hat
468f9c4c.wav,Hi-hat,4.916606144433899e-07,2.7018478476747987e-07,6.844970630481839e-05,6.7488770127965836e-09,1.3620975874983898e-11,6.760618020962283e-07,0.9890068173408508,7.310455112019554e-05,3.667781493277289e-05,0.010813633911311626,Hi-hat
229be2be.wav,Snare_drum,1.0611782386149571e-07,1.3159848322175094e-06,1.544468068459537e-05,7.1284951275174535e-09,1.2384041708779492e-11,9.881306795023193e-08,0.06938745081424713,4.437876214069547e-06,0.9305885434150696,2.4749181193328695e-06,Snare_drum
b6cbc6a9.wav,Snare_drum,2.939621595032804e-07,9.23419705145534e-08,1.0330452823836822e-05,1.9975548326556236e-08,3.7809849001702034e-11,1.7661171796135022e-06,0.04582761973142624,1.709958814899437e-05,0.9541339874267578,8.814857210381888e-06,Snare_drum
ae7d1c37.wav,Snare_drum,0.00013832160038873553,8.09392162182121e-08,8.227256330428645e-05,0.0001332700194325298,3.6542634916258976e-05,6.528246740344912e-05,5.778671319234263e-09,0.01755838841199875,0.9819739460945129,1.1894705494341906e-05,Snare_drum
82d4fb44.wav,Snare_drum,4.629195586858259e-07,1.643383598093351e-07,5.891626642551273e-05,5.348912068825484e-08,1.0569229971224559e-06,1.7191232473123819e-06,0.00815130490809679,0.00024193536955863237,0.9914305806159973,0.00011383659148123115,Snare_drum
4c590f69.wav,Snare_drum,2.7252215204498498e-06,3.2906036722124554e-06,9.599381883163005e-06,1.0617350199026987e-05,1.7889861680941976e-07,7.74347863625735e-05,0.0007380212191492319,0.0029540020041167736,0.9957447648048401,0.0004593626072164625,Snare_drum
1c9a423f.wav,Snare_drum,3.089483391338632e-10,1.8566748073885198e-13,1.007596802082844e-05,1.457791768189054e-05,1.0803082603830227e-12,0.0007672796491533518,3.6344416517140876e-13,1.4365317611009232e-06,0.9927367568016052,0.006469882559031248,Snare_drum
f0727eac.wav,Snare_drum,1.3174754940337152e-06,1.3974378099135265e-08,5.304715523379855e-05,1.44482852348915e-08,1.2181609887473854e-11,5.468043013934221e-07,0.007542483974248171,8.279896064777859e-06,0.9923794865608215,1.4872335668769665e-05,Snare_drum
31db8c5e.wav,Snare_drum,1.2001478353340644e-06,4.068424530601078e-08,3.826758256764151e-05,3.7276686271070503e-07,4.3186707682218994e-11,9.413653145884382e-08,4.6030818339204416e-06,3.1690728974353988e-06,0.9999508857727051,1.3426246141534648e-06,Snare_drum
b86b5a96.wav,Snare_drum,2.128764390363358e-05,1.7134105291916057e-05,7.64628748584073e-06,1.5451417993972427e-06,1.8890490949274863e-08,2.2248984805628425e-06,0.00013993197353556752,7.919467748251918e-07,0.9998064637184143,2.9927605282864533e-06,Snare_drum
6fca680b.wav,Snare_drum,1.8562984394066007e-07,1.3885777150335343e-07,2.5651013757510555e-08,4.833493605360673e-10,1.3964670565747017e-11,9.62664725712159e-10,5.939881475569564e-09,4.143782561527587e-08,0.999995768070221,3.7935367345198756e-06,Snare_drum
1bc8eae1.wav,Snare_drum,0.002770005725324154,2.9828906917828135e-06,0.00029237259877845645,1.4271125110099092e-05,6.850944191683084e-05,0.0028029028326272964,0.001405380549840629,0.004152386449277401,0.9881699085235596,0.0003216903132852167,Snare_drum
46b52f97.wav,Snare_drum,3.529792635958984e-08,3.77405882545645e-07,4.3545201151573565e-06,5.755730114742619e-09,1.2163146878574338e-10,9.046470040630084e-06,0.15490157902240753,0.0003636582987383008,0.8445656299591064,0.00015533909026999027,Snare_drum
0c67f402.wav,Snare_drum,2.0817672066186788e-06,2.5275650727962784e-07,1.471969102162518e-09,5.921158674482285e-09,1.3124032242906036e-11,1.5101024430919097e-08,8.433346465608338e-08,9.652222843214986e-07,0.9999964237213135,2.6051648660541105e-07,Snare_drum
c8ecbbfd.wav,Snare_drum,0.001839590142481029,0.0020061072427779436,0.005481979344040155,0.00038000778295099735,0.10386525839567184,0.07718216627836227,0.004728128667920828,0.03601401671767235,0.7654569745063782,0.0030457538086920977,Snare_drum
9f84ea5a.wav,Snare_drum,0.011212811805307865,3.6547096442518523e-06,0.07090749591588974,0.0034510085824877024,0.05257076397538185,0.014624101109802723,1.432928359301755e-10,4.4272928789723665e-06,0.8455857634544373,0.0016399555606767535,Snare_drum
e4958adc.wav,Snare_drum,0.0031866661738604307,3.78885857799105e-07,0.006537913344800472,0.005984987132251263,0.0001645925804041326,6.24118183623068e-05,2.934573473112323e-09,0.0010079301428049803,0.9775455594062805,0.005509630776941776,Snare_drum
5ce40b1b.wav,Snare_drum,3.1602523904439295e-06,9.306481842941139e-06,0.00024588481755927205,3.510923534122412e-07,3.464433007138723e-08,5.704925243321668e-08,1.790267378964927e-05,5.024538040743209e-06,0.9997128844261169,5.497748134075664e-06,Snare_drum
9d308738.wav,Snare_drum,0.0020278471056371927,9.752047844813205e-06,0.02484576404094696,0.0007770347874611616,1.4773328871342528e-07,0.043030865490436554,0.04510307312011719,0.0024888217449188232,0.8771047592163086,0.004611848387867212,Snare_drum
1e3391d5.wav,Snare_drum,4.687760792876361e-06,3.891571793701587e-07,7.079647912178189e-05,2.478327587596141e-06,2.4992021963043953e-07,7.959748472785577e-05,1.1483152206892555e-08,0.0017894025659188628,0.9980255365371704,2.6930680178338662e-05,Snare_drum
ff3f21e7.wav,Snare_drum,1.0181644256590516e-06,3.4246941282845e-08,2.3453860649169656e-06,2.617554173411918e-07,5.152920579121201e-08,4.14278520111111e-06,3.711801976891138e-10,0.0001641011331230402,0.9864823222160339,0.013345872983336449,Snare_drum
b68f10af.wav,Snare_drum,0.012256919406354427,0.006124842446297407,0.000619549653492868,0.0002993138041347265,5.1193601393606514e-05,0.00045711081475019455,0.014447811990976334,0.029772639274597168,0.9353610873222351,0.0006095286807976663,Snare_drum
e8e00924.wav,Snare_drum,0.018766263499855995,9.326457075076178e-05,0.00259885611012578,0.0006054508849047124,0.0005796152981929481,0.005250501446425915,0.0033891855273395777,0.0011977931717410684,0.9635897874832153,0.003929216414690018,Snare_drum
22e1c02c.wav,Snare_drum,3.894203473464586e-05,2.7608084565144964e-05,0.0004214724467601627,6.7851156018150505e-06,1.1516499398567248e-06,6.79626245982945e-05,5.186533599044196e-05,6.9611814978998154e-06,0.9993161559104919,6.1140010075178e-05,Snare_drum
5c33d972.wav,Snare_drum,6.905048849148443e-06,1.9479736934613356e-08,0.00029906604322604835,0.00015648452972527593,6.415004463633522e-06,8.722200618649367e-06,3.292981176628018e-08,0.0002447939186822623,0.9988639950752258,0.0004134731425438076,Snare_drum
9320c55f.wav,Snare_drum,0.0009484954061917961,7.5979546636517625e-06,0.001313157263211906,3.0442048227996565e-05,4.2739822674775496e-05,0.0009840507991611958,0.00010636533988872543,0.0004081490624230355,0.9940218925476074,0.0021371094044297934,Snare_drum
f1754aea.wav,Snare_drum,0.00015069871733430773,0.002276224549859762,0.00038807097007520497,7.637012799932563e-07,7.598710105582995e-09,2.6033098947664257e-06,0.11455946415662766,0.0043729920871555805,0.8705993294715881,0.007649835664778948,Snare_drum
b218444c.wav,Snare_drum,0.0013213083148002625,3.503660295223199e-08,0.0020154451485723257,2.5182382159982808e-05,9.538471203995869e-05,0.0010120540391653776,2.259487735800647e-11,0.004703510086983442,0.9734696745872498,0.017357682809233665,Snare_drum
36d06cc0.wav,Snare_drum,0.0051414682529866695,9.576411912348703e-07,0.000525997718796134,5.508239610207966e-06,1.9036222909107892e-07,1.2605724464265222e-07,1.310728592329724e-08,0.0497964583337307,0.944482684135437,4.660026388592087e-05,Snare_drum
4c4d4797.wav,Snare_drum,0.0007273613009601831,0.00033329511643387377,4.238313704263419e-05,0.001135820522904396,2.904161000572003e-08,5.922073978581466e-05,0.002091915812343359,0.012168185785412788,0.9801868796348572,0.003254953306168318,Snare_drum
cae0d841.wav,Snare_drum,4.697087874205863e-08,2.906572227345805e-08,4.2666314925554616e-07,1.3787008867893746e-07,2.0698333325075424e-10,4.8710749979363754e-05,0.004294783342629671,6.12221401752322e-06,0.9956222176551819,2.751502142928075e-05,Snare_drum
17f82c05.wav,Acoustic_guitar,0.9605225324630737,6.731454050168395e-05,0.00017014163313433528,0.00012078863073838875,0.015669764950871468,0.0008789294515736401,4.9432141935312757e-08,0.007126954384148121,1.9318218846819946e-07,0.015443244948983192,Acoustic_guitar
0eeaebcb.wav,Acoustic_guitar,0.8757829666137695,1.7519511175123625e-06,0.013169048354029655,0.009280665777623653,0.0008139651035889983,0.08778265863656998,1.866675461315026e-06,0.008119011297821999,0.0017563190776854753,0.0032918930519372225,Acoustic_guitar
e92bf0fa.wav,Acoustic_guitar,0.97679603099823,6.054518220111049e-09,0.012488293461501598,7.901528078946285e-06,0.00018470980285201222,0.008077033795416355,8.1293958231754e-09,7.757640560157597e-06,2.1990077814226794e-10,0.0024381785187870264,Acoustic_guitar
10da16fb.wav,Acoustic_guitar,0.9880182147026062,6.533254577334446e-07,0.0004982308018952608,0.0055360798723995686,0.0015288451686501503,0.0024141655303537846,9.05830404462904e-07,0.0010324101895093918,3.766160807572305e-05,0.0009327345178462565,Acoustic_guitar
a25423a8.wav,Acoustic_guitar,0.93150395154953,0.0001413139543728903,0.0036632695700973272,0.0009063999750651419,0.021766215562820435,0.001012462074868381,4.885788484898512e-08,0.04085499793291092,8.46343937155325e-06,0.00014266044308897108,Acoustic_guitar
16c9a838.wav,Acoustic_guitar,0.9649214744567871,3.3501668106339366e-09,6.670629227301106e-05,0.0009564027423039079,0.014713375829160213,0.0014432595344260335,2.4092854378210404e-09,6.42927479930222e-05,4.918272011877889e-08,0.017834478989243507,Acoustic_guitar
70ca9c77.wav,Acoustic_guitar,0.8283016085624695,4.866722520091571e-05,0.0956323966383934,0.01265525072813034,0.055475182831287384,0.004785929806530476,2.6312673639949935e-07,0.0024570070672780275,0.0001417248568031937,0.0005018312949687243,Acoustic_guitar
38216fad.wav,Acoustic_guitar,0.956036388874054,3.6401495890459046e-05,0.00031276867957785726,0.0004156191716901958,0.007846533320844173,0.0014688079245388508,1.656594434962244e-07,0.01974269188940525,0.008646459318697453,0.005494459066540003,Acoustic_guitar
d8a257e5.wav,Acoustic_guitar,0.9536101818084717,1.7395876739101368e-07,0.0002715552691370249,8.960145351011306e-06,0.0004482318472582847,3.18370402965229e-05,6.11690484220162e-06,0.04059009626507759,0.001094754203222692,0.003938000183552504,Acoustic_guitar
7506dcc4.wav,Acoustic_guitar,0.9766250848770142,1.6849213579916977e-07,0.0015516562853008509,0.020828047767281532,0.00015244119276758283,7.363642453128705e-06,5.19299021561892e-08,8.563991286791861e-05,0.0007213456556200981,2.815189327520784e-05,Acoustic_guitar
a6728901.wav,Acoustic_guitar,0.9995484948158264,3.1151334289880594e-10,3.195567842340097e-06,7.672762425414703e-11,3.6161743537377333e-06,1.50189152918756e-05,1.1872700156345672e-08,8.464055554213701e-07,2.2616943853772525e-13,0.00042880637920461595,Acoustic_guitar
b88322f6.wav,Acoustic_guitar,0.9782920479774475,0.0009411355131305754,0.003722298890352249,3.0726325803698273e-06,0.008728128857910633,0.00026240586885251105,1.2755117795304471e-10,0.007624231278896332,1.012452983673029e-07,0.0004265483294147998,Acoustic_guitar
35039ae1.wav,Acoustic_guitar,0.9999333024024963,4.119828034276907e-09,8.04565024736803e-06,1.2183012643163238e-07,7.091854570262512e-08,5.811240953335073e-06,1.1883953821012483e-09,2.381523529493279e-07,3.761367770493962e-05,1.489234455220867e-05,Acoustic_guitar
236cbab1.wav,Acoustic_guitar,0.9041876196861267,9.639517520554364e-05,0.03194175660610199,0.013002706691622734,0.017595376819372177,0.00046306621516123414,1.6364313637495798e-07,0.02682974562048912,0.005813638214021921,6.947119982214645e-05,Acoustic_guitar
0356dec7.wav,Acoustic_guitar,0.94061279296875,0.0018760095117613673,0.001966063166037202,0.0001027078615152277,6.44089886918664e-05,0.002582840621471405,0.00010422754712635651,0.03523775935173035,0.005294699687510729,0.012158440425992012,Acoustic_guitar
bb1f5874.wav,Acoustic_guitar,0.9992377758026123,3.1077798112733035e-09,0.00022881021141074598,2.7693984520738013e-05,0.000281562126474455,0.00020308357488829643,1.715777528943363e-07,1.5212684047583025e-05,5.622011485684197e-06,1.2373314461910923e-07,Acoustic_guitar
34747922.wav,Acoustic_guitar,0.9542632699012756,9.485687968435741e-08,9.182323879031173e-07,3.3911682351117634e-08,1.3721014546774768e-08,0.0002314746379852295,1.0225700179944397e-06,1.340538165095495e-05,0.045201294124126434,0.0002885184367187321,Acoustic_guitar
44fb3eeb.wav,Acoustic_guitar,0.9359747767448425,4.7650368095730755e-09,0.02723161317408085,0.00045596284326165915,7.646581798326224e-05,0.0011996182147413492,2.5526911695550325e-09,0.03339734673500061,3.2394723348261323e-06,0.0016608922742307186,Acoustic_guitar
367ad7b1.wav,Acoustic_guitar,0.8151592016220093,2.5291918063885532e-05,0.017224866896867752,0.0019459882751107216,0.13175159692764282,0.006015227176249027,3.6120166413411425e-08,0.020126208662986755,0.0006841520080342889,0.007067473139613867,Acoustic_guitar
160c92d7.wav,Acoustic_guitar,0.9869521260261536,6.9374855229398236e-06,0.006505720783025026,0.0013707736507058144,0.002389774890616536,0.0016103115631267428,2.059050530078821e-07,7.291770452866331e-05,5.586475526797585e-05,0.0010354850674048066,Acoustic_guitar
2016d256.wav,Acoustic_guitar,0.9723892211914062,1.0556082917501097e-11,3.924274682987061e-09,0.0030049290508031845,1.2792867210009717e-07,6.053453915910723e-08,2.0683091741038884e-13,0.0024250578135252,0.022179190069437027,1.3814433259540237e-06,Acoustic_guitar
fc55d588.wav,Acoustic_guitar,0.783735990524292,5.15108804393094e-05,0.04881415143609047,0.0002625430643092841,0.03182931989431381,0.007802589330822229,1.2898376553494018e-06,0.04128396511077881,0.08462271094322205,0.0015958592994138598,Acoustic_guitar
c7846d27.wav,Acoustic_guitar,0.9999997615814209,3.177619484729478e-16,1.799726447870853e-07,4.765518646365763e-09,1.936120975186157e-14,2.422707867655305e-10,1.1745729389112114e-11,1.1444300618279613e-08,9.494225405859424e-10,5.690861470952768e-08,Acoustic_guitar
55822aae.wav,Acoustic_guitar,0.9039384722709656,0.00031324606970883906,0.022307924926280975,0.00047179171815514565,0.019108843058347702,0.018095139414072037,3.6378303775563836e-05,0.016034338623285294,0.019653040915727615,4.1118717490462586e-05,Acoustic_guitar
9923ddf8.wav,Acoustic_guitar,0.9989128708839417,9.679700615320032e-18,2.5593402952495126e-09,0.0010821378091350198,4.2056555460412426e-10,4.385290353070559e-09,2.1813366402057e-07,4.773645741806831e-06,3.950537542495719e-13,1.415551148520322e-10,Acoustic_guitar
32dee61b.wav,Acoustic_guitar,0.8846803307533264,0.0010158808436244726,0.026213180273771286,0.0002643240732140839,0.07511037588119507,0.0022373173851519823,2.653367118909955e-06,0.009376686066389084,0.00025679694954305887,0.0008423502440564334,Acoustic_guitar
fa4d4a92.wav,Acoustic_guitar,0.7284253239631653,6.0107144236098975e-05,0.022528953850269318,0.05044013634324074,0.18816711008548737,0.00014708767412230372,5.9148909770101454e-08,0.009031877852976322,0.000458196533145383,0.0007412708946503699,Acoustic_guitar
8da75280.wav,Acoustic_guitar,0.6714063882827759,2.760464485618286e-05,0.0645429715514183,0.0006207576370798051,0.25173431634902954,0.00037462645559571683,5.937546347922762e-07,0.01067598257213831,0.0003753158380277455,0.00024138962908182293,Acoustic_guitar
b2261238.wav,Acoustic_guitar,0.8541695475578308,4.349701339378953e-05,0.014979800209403038,0.010341898538172245,0.004591400269418955,0.033508408814668655,0.000446368008852005,0.04932815581560135,0.025359485298395157,0.007231427822262049,Acoustic_guitar
673defaf.wav,Acoustic_guitar,0.9883317947387695,9.625042594052502e-07,3.584386649890803e-05,0.005075398832559586,0.0006341564003378153,2.261861300212331e-05,3.7814228562638164e-05,0.005076310597360134,0.0007066241232678294,7.86242526373826e-05,Acoustic_guitar
e6597186.wav,Double_bass,0.023607425391674042,9.096485882764682e-05,0.22888003289699554,0.0007010682602412999,0.7429802417755127,0.00013513476005755365,7.461463114033506e-10,0.00016567576676607132,0.0033806778956204653,5.864299964741804e-05,Double_bass
fcfafbc8.wav,Double_bass,0.011711847968399525,0.010719365440309048,0.09007382392883301,0.004657546989619732,0.8659319877624512,8.713403076399118e-05,4.215339686197694e-06,0.007236114237457514,0.0012230153661221266,0.00835498422384262,Double_bass
444f9db5.wav,Double_bass,0.013454672880470753,3.7909326238150243e-06,0.0010951034491881728,0.0017312897834926844,0.8670101165771484,0.037869010120630264,6.8559948829260975e-09,0.07376780360937119,0.00021984303020872176,0.004848356358706951,Double_bass
19893aa8.wav,Double_bass,0.00013237724488135427,0.002704605460166931,0.01976940594613552,2.5689014364616014e-05,0.9773456454277039,3.310090903596574e-07,1.976409080882771e-13,1.9840425011352636e-05,6.181701817098428e-10,2.1088667381263804e-06,Double_bass
f042282c.wav,Double_bass,0.00013610997120849788,0.022611059248447418,0.00020736758597195148,0.004642956890165806,0.9717032313346863,2.8079113690182567e-05,1.2435323881732074e-09,0.0004474033776205033,3.671802772942101e-08,0.0002236418513348326,Double_bass
95e1d0ae.wav,Double_bass,0.0006969632813706994,9.95255759335123e-05,0.03473711013793945,5.684079951606691e-05,0.9590620994567871,1.5156645531533286e-05,1.150600503763144e-09,0.0043675885535776615,6.569391644006828e-06,0.0009578476310707629,Double_bass
595c191d.wav,Double_bass,0.0027396571822464466,0.0001018479306367226,0.0018785519059747458,0.023641064763069153,0.963323175907135,0.0003426177136134356,9.11684239213173e-08,0.007870716042816639,1.6104613678180613e-05,8.62517990753986e-05,Double_bass
8073923c.wav,Double_bass,0.2228853851556778,9.314375347457826e-05,0.18403729796409607,0.0013313447125256062,0.587932825088501,0.0002497310924809426,4.5336374654425526e-08,0.0031372779048979282,0.00022425792121794075,0.00010866183583857492,Double_bass
6efbaf90.wav,Double_bass,0.0015734006883576512,0.00789346918463707,0.009541450068354607,0.0024900559801608324,0.978404700756073,1.8144679415854625e-05,4.251378693531649e-10,2.573448364273645e-05,3.629939328675391e-06,4.942786836181767e-05,Double_bass
642ad7e4.wav,Double_bass,0.0192410908639431,6.629205745412037e-05,0.004173599649220705,2.9137192541384138e-05,0.9753795862197876,9.733963815961033e-05,4.204431647281126e-08,0.000977874151431024,8.392455129069276e-06,2.6560996047919616e-05,Double_bass
5eadbc6d.wav,Double_bass,0.031449586153030396,0.00020826133550144732,0.0013163711410015821,0.001754922210238874,0.9652474522590637,1.6851281543495134e-05,2.6039324776266914e-12,5.768708888354013e-06,1.5333270653172804e-07,6.029319479239348e-07,Double_bass
1a7d3f2d.wav,Double_bass,0.024968110024929047,3.3527663617860526e-05,0.22874005138874054,0.0012035543331876397,0.7429160475730896,8.669554517837241e-06,2.578397217956052e-11,8.215489287977107e-06,0.0020476190838962793,7.426723459502682e-05,Double_bass
13da16ae.wav,Double_bass,0.0011841654777526855,0.002584140980616212,0.00041913657332770526,0.015869077295064926,0.9791348576545715,0.00012484067701734602,7.185128225728477e-08,0.00020154811500106007,2.4687673430889845e-05,0.0004573158803395927,Double_bass
103f29e5.wav,Double_bass,0.0008493383065797389,0.0003206392575521022,0.0013456832384690642,0.02088092640042305,0.9696928858757019,0.004194277338683605,4.403069464586906e-09,0.0010650019394233823,3.0423123462242074e-05,0.0016208179295063019,Double_bass
da8ea649.wav,Double_bass,0.004569149576127529,0.05396772548556328,0.005578590091317892,0.003596678376197815,0.9320051670074463,2.3010943550616503e-05,3.896215794441105e-09,0.00020478096848819405,2.731166205194313e-06,5.22373229614459e-05,Double_bass
ca348cbb.wav,Double_bass,0.1028817668557167,0.00011772815923905,0.19891001284122467,0.009555296041071415,0.6883907318115234,2.6591462301439606e-05,1.267890133160865e-11,7.929245475679636e-05,1.7069765817723237e-05,2.1652576833730564e-05,Double_bass
8ce2e863.wav,Double_bass,6.33786985417828e-05,0.036257702857255936,4.948575224261731e-06,2.20925358007662e-06,0.9636667370796204,1.2450341273506638e-06,5.5048311253054396e-15,3.4444576613168465e-06,4.665830499739343e-10,2.91072836944295e-07,Double_bass
462b676f.wav,Double_bass,0.0442064143717289,0.00938247237354517,0.019808607175946236,0.0066076708026230335,0.8869522213935852,0.002117643365636468,2.3762500234170147e-07,0.026025893166661263,5.265840081847273e-05,0.0048460825346410275,Double_bass
b428466c.wav,Double_bass,0.0010975772747769952,0.004459216259419918,1.911048275360372e-05,5.340399980013899e-07,0.9941696524620056,5.851917194377165e-06,8.550336133561487e-11,0.00012984860222786665,2.847294133800915e-08,0.00011812755838036537,Double_bass
4fd883bb.wav,Double_bass,0.23471170663833618,6.624147499678656e-05,0.009340276010334492,0.00019729956693481654,0.7553684711456299,3.4083353966707364e-05,1.0985881093716898e-09,0.000251499266596511,6.6592483562999405e-06,2.3764236175338738e-05,Double_bass
2ac8b94f.wav,Double_bass,0.004560551606118679,7.419728262902936e-06,0.0018159629544243217,2.3713644623057917e-05,0.9858982563018799,0.006920651067048311,1.474553812386148e-11,0.000497875502333045,7.661000012149088e-08,0.00027567980578169227,Double_bass
c840804f.wav,Double_bass,0.0032160677947103977,0.016042351722717285,0.0006645182147622108,2.9394429930107435e-06,0.9794947504997253,1.1234476005483884e-05,6.074087760543634e-11,0.00050108612049371,1.3699117573651165e-07,6.68050633976236e-05,Double_bass
f63f3703.wav,Double_bass,0.00027395327924750745,0.009069808758795261,0.0037581855431199074,5.019974196329713e-07,0.9867768883705139,4.43422004536842e-06,5.48674441384206e-13,0.00011194672697456554,2.5334074837957132e-09,4.3470099626574665e-06,Double_bass
c0ddf010.wav,Double_bass,0.07040524482727051,0.016338597983121872,0.0019763244781643152,0.000687649822793901,0.8982019424438477,0.0006114993593655527,5.341034352568386e-07,0.010730164125561714,0.0001691910729277879,0.0008786583202891052,Double_bass
a0cbe92e.wav,Double_bass,0.009827864356338978,0.005621442571282387,0.000530509976670146,0.006946716923266649,0.9767882823944092,2.044566372205736e-06,9.787060484961474e-13,3.29774156853091e-05,0.0002008883748203516,4.921802974422462e-05,Double_bass
4fb480bf.wav,Double_bass,0.001362005015835166,0.13654547929763794,0.037919770926237106,3.8366626540664583e-05,0.8211231231689453,2.4533621399314143e-05,2.208414007220938e-10,0.0008762404322624207,1.172017505268741e-06,0.0021091969683766365,Double_bass
9dd0141c.wav,Double_bass,0.008071261458098888,1.095629977498902e-05,0.02296532317996025,0.03232835233211517,0.924753725528717,0.001521801808848977,2.0102148834411082e-09,5.56355771550443e-05,0.010071017779409885,0.0002217840519733727,Double_bass
deb87700.wav,Double_bass,0.003330555511638522,3.786767344138298e-09,0.04178248718380928,0.05092477798461914,0.900067925453186,9.403127478435636e-05,5.8381051104561266e-09,0.0037930321414023638,5.8479322717630566e-08,7.318951247725636e-06,Double_bass
e0ecd1a6.wav,Double_bass,0.03697395324707031,9.473655154579319e-06,0.07956641912460327,0.04421364516019821,0.82807856798172,7.52288760850206e-05,2.626001194272476e-09,0.0008568526827730238,0.007234977558255196,0.0029908432625234127,Double_bass
0286fc27.wav,Double_bass,1.0466238791195792e-06,0.01073076855391264,7.770633601467125e-06,5.532455543288961e-05,0.989174485206604,6.472453861761096e-08,4.7767952110087594e-14,2.2034657376934774e-05,2.4082161265148727e-10,8.561714821553323e-06,Double_bass
e2d993ec.wav,Cello,0.002827200572937727,1.1039060332507233e-08,0.7885488271713257,0.19500623643398285,0.00020171520009171218,0.010765576735138893,1.2916608060908885e-10,0.0026185926981270313,2.047803718596697e-05,1.1411406376282685e-05,Cello
0091fc7f.wav,Cello,0.037175312638282776,9.048876381712034e-05,0.813400149345398,0.09765927493572235,0.01179289910942316,0.03564484044909477,5.86836446103689e-09,0.00022908324899617583,0.0006430310313589871,0.0033649769611656666,Cello
e55c5160.wav,Cello,0.020509930327534676,1.7928460920302314e-06,0.8470340371131897,0.004011224489659071,0.001610053819604218,0.03818918764591217,7.445274396999935e-10,0.07983242720365524,4.135480580202966e-08,0.008811000734567642,Cello
a59b5a08.wav,Cello,6.7829605541192e-05,9.260015212930739e-05,0.9767760038375854,0.018739154562354088,0.0010436305310577154,0.0003230589791201055,6.079198811015374e-10,0.0026263310573995113,2.0690553355962038e-05,0.0003106210788246244,Cello
88500b88.wav,Cello,0.0034538772888481617,1.0341976519612217e-07,0.9201682209968567,0.0008804317330941558,0.008781828917562962,0.03880225494503975,1.880944844323551e-10,0.027248039841651917,0.0005685644573532045,9.681298251962289e-05,Cello
743ae0f9.wav,Cello,0.007394576910883188,0.00016456461162306368,0.9152934551239014,1.9346760382177308e-05,0.047421496361494064,0.00017451804887969047,1.7520800088544064e-10,0.029490921646356583,1.1017752967745764e-06,3.9995797123992816e-05,Cello
9e3bc1b6.wav,Cello,0.000545207760296762,5.550976311496925e-06,0.9818969964981079,0.0005220865132287145,0.007838190533220768,0.002030698349699378,6.162394150521777e-09,0.005928429774940014,5.5791850172681734e-05,0.0011771327117457986,Cello
3e2bddda.wav,Cello,0.00048530541243962944,2.5063051677445825e-13,0.88527911901474,0.0007720161229372025,5.235128952563173e-08,0.02457476779818535,5.9468518998073705e-08,0.026794558390975,0.0005600836593657732,0.061533987522125244,Cello
d328db67.wav,Cello,0.029159780591726303,0.0018981208559125662,0.9261084198951721,0.00041509815491735935,0.0003499200101941824,0.006455103401094675,0.0005099361878819764,0.022327415645122528,0.0021176734007894993,0.010658700950443745,Cello
7d896090.wav,Cello,0.00973795261234045,4.076925051776925e-06,0.8626015782356262,0.06619151681661606,0.01452771108597517,0.014219430275261402,7.236377541630645e-08,0.019145604223012924,0.012064380571246147,0.001507683307863772,Cello
4bff8f32.wav,Cello,0.0018397532403469086,5.4410306802310515e-06,0.9496753215789795,0.012975233606994152,0.03434629738330841,0.000218159009818919,8.051430078204191e-10,0.0006268896977417171,0.00027312058955430984,3.968735472881235e-05,Cello
5e5bca7a.wav,Cello,0.0019525248790159822,0.00292260036803782,0.9873728156089783,0.000569032970815897,0.005766178015619516,5.416226485976949e-06,1.8069625656869093e-11,0.001068304991349578,0.0003288439766038209,1.4556836504198145e-05,Cello
811bf309.wav,Cello,0.010247445665299892,6.303291222309326e-10,0.9890308976173401,1.2170264199085068e-05,8.167774649336934e-05,5.278907701722346e-05,1.8885826930103988e-11,3.8023790693841875e-05,9.436521963834821e-08,0.000537028128746897,Cello
5689818f.wav,Cello,0.004103939048945904,2.832417633769069e-10,0.9799824357032776,6.301822850218741e-07,1.2197523574286606e-05,3.766975714825094e-05,1.5742370514798543e-12,0.0031539886258542538,4.4215474304110103e-07,0.012708733789622784,Cello
81d9f077.wav,Cello,0.00378760090097785,5.4221367463469505e-05,0.9330286979675293,0.0011138442205265164,0.043014638125896454,0.007379163987934589,6.539600860833161e-09,0.011460850015282631,1.6107698684209026e-05,0.00014498540258500725,Cello
00353774.wav,Cello,0.00031201165984384716,6.992526323301718e-05,0.9258775115013123,0.00010153941548196599,0.0002498104586265981,0.015379257500171661,0.0003671394078992307,0.04020055755972862,3.7405308830784634e-05,0.017404936254024506,Cello
6a210ffa.wav,Cello,0.011703183874487877,1.150216758105671e-05,0.9664661288261414,0.001106472802348435,0.00977011676877737,0.0023805166129022837,7.13290426723745e-10,0.008282161317765713,0.0001194534997921437,0.00016050765407271683,Cello
e97d9707.wav,Cello,0.00010292684601154178,1.784912218028012e-10,0.9660158157348633,5.3142539400141686e-05,0.0071241166442632675,0.025859862565994263,7.608920438162414e-12,0.00034163612872362137,0.0004545860574580729,4.800927126780152e-05,Cello
238b16a5.wav,Cello,0.014570703729987144,1.797155709937215e-05,0.9701348543167114,2.4674391170265153e-06,0.014396600425243378,0.00016290826897602528,1.5017963539420975e-09,9.864603634923697e-05,5.660136594087817e-05,0.0005592120578512549,Cello
dc5be9d7.wav,Cello,0.0006209805724211037,9.196827704727184e-06,0.9886917471885681,0.0008445615530945361,0.0031924538780003786,0.003721652552485466,7.000305224380554e-09,0.002904431661590934,3.4157599770878733e-07,1.4576898138329852e-05,Cello
f9653de8.wav,Cello,0.001575599191710353,0.02220054343342781,0.9475887417793274,0.0004291248042136431,0.0071561140939593315,1.1555567652976606e-05,1.0324737731437494e-09,0.020981453359127045,4.4286025513429195e-06,5.250460890238173e-05,Cello
31dbc5c0.wav,Cello,0.03355421498417854,2.058383907765915e-09,0.9090870022773743,0.00030793875339441,4.901330976281315e-05,0.0471477136015892,1.8900676579391984e-09,0.00467944098636508,1.5984025594661944e-05,0.005158780142664909,Cello
cbc8d551.wav,Cello,0.003232902381569147,9.753629456099588e-06,0.9730905890464783,3.8436475733760744e-05,4.4472773879533634e-05,0.00024268282868433744,6.549079500928201e-09,0.009556345641613007,5.658093868987635e-05,0.0137283680960536,Cello
195f544d.wav,Cello,0.001400372595526278,7.599355811294117e-09,0.6487422585487366,0.005573206581175327,5.476352725963807e-06,0.07316912710666656,0.00044403065112419426,0.045755643397569656,8.596965017204639e-06,0.2249011993408203,Cello
22bea889.wav,Cello,0.00025511617423035204,6.622543082812626e-07,0.9449778199195862,7.949143764562905e-06,0.054507121443748474,8.502532000420615e-05,7.605284457756767e-11,8.495407382724807e-05,2.6747928131953813e-05,5.461994805955328e-05,Cello
ab8e8ae3.wav,Cello,0.00029313736013136804,0.005588931497186422,0.9349736571311951,0.023705825209617615,0.0176372230052948,0.0008360069477930665,6.300707866557786e-08,0.013364534825086594,0.002347038360312581,0.0012536216527223587,Cello
e70c41d4.wav,Cello,0.005243681371212006,8.09313121408195e-07,0.8750268816947937,0.004453128669410944,0.00039738434134051204,0.048962172120809555,0.0003791599883697927,0.04863324761390686,0.005663958843797445,0.01123919989913702,Cello
125e6ccf.wav,Cello,0.005719142500311136,1.2759397577610798e-05,0.9822725653648376,0.00019668189634103328,5.378852438298054e-05,5.905959551455453e-05,4.6734598413422646e-07,0.0022437856532633305,0.009236159734427929,0.0002057912206510082,Cello
2da9e12a.wav,Cello,0.004339955747127533,9.243714885087684e-06,0.9749278426170349,7.982970419107005e-05,0.017399897798895836,0.000517448817845434,2.831212209120082e-10,0.002524679061025381,8.131005415634718e-06,0.00019288642215542495,Cello
34e4d187.wav,Cello,0.0019491513958200812,0.00010655674850568175,0.9286131858825684,9.670949111750815e-06,0.019480783492326736,2.9212091249064542e-05,2.7326527707316473e-09,0.049807000905275345,8.041740215958271e-07,3.5551952350942884e-06,Cello
52e54bdd.wav,Bass_drum,4.1106210119323805e-05,0.7867209315299988,0.011555279605090618,0.00028997735353186727,0.10406424105167389,0.0006332476623356342,2.885214289705118e-09,0.09503091871738434,1.5319557178372634e-07,0.0016641824040561914,Bass_drum
6d21ad67.wav,Bass_drum,0.0009647939004935324,0.821138858795166,0.06993024051189423,0.00043829099740833044,0.06443804502487183,0.0001796521246433258,3.667348380531621e-07,0.021272458136081696,0.004354396369308233,0.017282692715525627,Bass_drum
ca3f3698.wav,Bass_drum,2.2293286747299135e-05,0.9640739560127258,1.4524815014738124e-05,1.646878899919102e-06,0.035193439573049545,1.6267879345832625e-06,4.131543631519241e-12,0.0006718691438436508,7.160785298054861e-10,2.0499170204857364e-05,Bass_drum
aa9ae956.wav,Bass_drum,2.472505730111152e-05,0.831841230392456,0.0009308013250119984,1.1864303814945742e-05,0.06857176870107651,0.00011426868150010705,5.291877869240125e-07,0.04718148708343506,6.709888680234144e-07,0.051322657614946365,Bass_drum
0ddb4bdf.wav,Bass_drum,1.690400495135691e-07,0.9964063167572021,2.963198312500026e-05,1.3727043324252008e-07,0.0020293465349823236,3.6259550029171805e-08,2.304764712413032e-11,0.0015193215804174542,5.125739832578802e-10,1.5036845979921054e-05,Bass_drum
921eee9d.wav,Bass_drum,0.004142486955970526,0.8387075662612915,0.003309551626443863,0.003061606315895915,0.02358497679233551,0.0004082172818016261,0.005976445507258177,0.072489894926548,0.027947355061769485,0.020371928811073303,Bass_drum
c153f347.wav,Bass_drum,0.011816205456852913,0.8523939251899719,0.012340241111814976,0.0034635881893336773,0.1169179230928421,0.0003227936977054924,2.2128002541421665e-08,0.0022128387354314327,4.0618044295115396e-05,0.0004918930353596807,Bass_drum
63e0ab2c.wav,Bass_drum,5.704317374011225e-08,0.999150812625885,1.5463792806258425e-05,7.329216344942324e-08,0.0004668842884711921,9.332445927157096e-09,1.0532050925826653e-11,0.00035368744283914566,3.849902063812749e-10,1.3105378457112238e-05,Bass_drum
88780eac.wav,Bass_drum,0.005359831266105175,0.7860859632492065,0.0021155625581741333,0.00010549270518822595,0.06839562952518463,0.00048380455700680614,0.026459146291017532,0.018570352345705032,0.084377221763134,0.008046933449804783,Bass_drum
bea51ca5.wav,Bass_drum,0.0017506099538877606,0.6926218271255493,0.0014849071158096194,0.00042536924593150616,0.28248894214630127,0.0006409455672837794,1.7722627809746427e-09,0.020541097968816757,4.7022335820656735e-06,4.167795486864634e-05,Bass_drum
f26131d8.wav,Bass_drum,2.3273747501662e-05,0.6215874552726746,0.002195005537942052,5.383195821195841e-05,0.007440956775099039,0.00044158342643640935,4.418578100739978e-05,0.3418991267681122,4.4834643631475046e-05,0.02626977302134037,Bass_drum
ce75b5ce.wav,Bass_drum,0.00023384904488921165,0.6671221256256104,0.0011765704257413745,0.00015782775881234556,0.10508903861045837,0.00013658756506629288,2.6911546228802763e-05,0.13809479773044586,0.00014909908350091428,0.08781307935714722,Bass_drum
565f3ee2.wav,Bass_drum,9.282696555601433e-05,0.7890468835830688,0.04805871844291687,0.0003119562170468271,0.0817534551024437,0.0011557922698557377,0.00017610553186386824,0.06152687594294548,2.8435888452804647e-05,0.01784900575876236,Bass_drum
ff11628d.wav,Bass_drum,0.00015576455916743726,0.877757728099823,0.0008914967183955014,3.131301127723418e-05,0.11079004406929016,4.0971051930682734e-05,3.896371225664552e-09,0.001434749341569841,3.49458701975891e-08,0.008897891268134117,Bass_drum
cdfc8967.wav,Bass_drum,4.048173423143453e-07,0.9971796274185181,7.64038304623682e-06,2.588197276054416e-06,0.0025380663573741913,7.602541245432803e-07,3.72794590336456e-12,0.00026920955860987306,6.761619708584021e-09,1.6979176962195197e-06,Bass_drum
f8a99b37.wav,Bass_drum,1.3947292245575227e-06,0.9830067753791809,0.0009481818415224552,2.6469308522791835e-06,0.014046963304281235,2.039053242697264e-06,9.147866492087431e-11,0.0014482196420431137,6.0030203030692064e-09,0.000543699599802494,Bass_drum
809ea09e.wav,Bass_drum,9.859180863713846e-05,0.9414019584655762,0.0007547306013293564,3.905459016095847e-05,0.0231154877692461,0.00010736990225268528,1.4881071308536775e-07,0.02061186544597149,3.7819310705344833e-07,0.013870473951101303,Bass_drum
03fc1f96.wav,Bass_drum,5.760224667028524e-05,0.7499715685844421,0.0003539354947861284,7.534921314800158e-05,8.956478268373758e-05,0.00012020728172501549,0.002990001579746604,0.21468836069107056,0.031325723975896835,0.0003276398638263345,Bass_drum
8b6a16de.wav,Bass_drum,1.2020905160170514e-06,0.9877743124961853,9.40624090617348e-07,4.0574516901870084e-07,0.011943119578063488,4.3590205223154044e-07,3.2010342727178953e-13,0.00027661974309012294,2.7616275932729195e-10,2.9547563826781698e-06,Bass_drum
7dda9dc2.wav,Bass_drum,0.0016885455697774887,0.4645043909549713,0.0015184024814516306,0.00013441623013932258,0.38378047943115234,0.001097166445106268,7.75335320213344e-06,0.0730670839548111,6.778466195100918e-05,0.07413394749164581,Bass_drum
3a9085ca.wav,Bass_drum,0.0013576920609921217,0.725346565246582,0.0017721218755468726,0.0005666000652126968,0.06578675657510757,0.006220341194421053,6.895401020301506e-05,0.11682675778865814,0.021421680226922035,0.060632526874542236,Bass_drum
4ba2b70e.wav,Bass_drum,9.594445873517543e-05,0.73481285572052,0.0008689362439326942,5.163073728908785e-05,0.03008652664721012,4.4695821998175234e-05,3.672211823868565e-05,0.23089183866977692,0.0012617100728675723,0.0018491760129109025,Bass_drum
01c2f88b.wav,Bass_drum,2.3219647005134902e-07,0.9599438905715942,0.00023793561558704823,0.00012793716450687498,0.0046581849455833435,1.787148704579522e-07,2.5926456146407872e-06,0.03474583104252815,3.895119604635511e-08,0.0002831663005053997,Bass_drum
ce3f3400.wav,Bass_drum,0.0030670983251184225,0.8177330493927002,0.00040004763286560774,0.0002486456069163978,0.0692107304930687,0.00013499826309271157,1.8863930790757877e-06,0.08346449583768845,1.1240389540034812e-05,0.02572781592607498,Bass_drum
6a96272b.wav,Bass_drum,0.0013803559122607112,0.8116621971130371,0.01727384328842163,0.02310928888618946,0.14582671225070953,0.00018756079953163862,1.3547855282070032e-08,6.726022547809407e-05,0.0003940694441553205,9.866059554042295e-05,Bass_drum
9adffd44.wav,Bass_drum,0.0014562407741323113,0.9510742425918579,0.0004123481339775026,0.0003369023324921727,0.04513188824057579,6.836606917204335e-05,1.0740881073445507e-08,0.0011477037332952023,5.293369440551032e-07,0.0003719632513821125,Bass_drum
7d11b3b4.wav,Bass_drum,0.006683558691293001,0.8412543535232544,0.09012843668460846,0.009802190586924553,0.040517598390579224,0.00033880319097079337,1.4029965313966386e-06,0.008161181584000587,0.00032847089460119605,0.0027839464601129293,Bass_drum
bab98261.wav,Bass_drum,0.006442596670240164,0.8927348256111145,0.07392747700214386,0.0008885093266144395,0.0165343526750803,0.00013252673670649529,4.538104860785097e-07,0.006990308873355389,1.703220186755061e-05,0.002332065487280488,Bass_drum
c11bacda.wav,Bass_drum,0.00015114255074877292,0.9483020901679993,0.0002853814803529531,1.5903195162536576e-05,0.037135716527700424,4.862040441366844e-05,2.334302529050092e-09,0.013334766030311584,9.262544864441224e-08,0.0007262784638442099,Bass_drum
9a4bfb69.wav,Bass_drum,0.00015126533980946988,0.7309004068374634,0.0015498896827921271,5.337522816262208e-05,0.13170190155506134,0.0007088407874107361,0.06842957437038422,0.014220653101801872,0.0008583326125517488,0.05142569541931152,Bass_drum
18865530.wav,Flute,0.015342222526669502,8.494054348773261e-09,5.933530701440759e-06,1.4701423424412496e-05,0.003527665976434946,0.980880856513977,2.0978148313588463e-05,8.251990948338062e-05,1.0150579328183085e-05,0.0001149420568253845,Flute
9f6eac9c.wav,Flute,6.81516612530686e-05,9.182473115210144e-10,6.475292320828885e-05,0.009644728153944016,7.147721044020727e-05,0.950294017791748,3.656818181596577e-10,0.01796594448387623,1.9025928402194303e-11,0.021890848875045776,Flute
07db7f16.wav,Flute,1.6426130287072738e-06,5.053251150854976e-09,5.628837243421003e-06,0.024490240961313248,3.086672961671866e-07,0.9675320982933044,0.0001743741158861667,3.7822021113242954e-05,1.0686331961551332e-06,0.00775658106431365,Flute
dc6676ff.wav,Flute,1.4648104951220375e-08,1.6979511618457622e-17,1.1065139915444888e-09,0.00024328440485987812,3.302068618538101e-10,0.9992935657501221,1.2370411184292607e-07,4.332687264518853e-10,7.444609512186062e-11,0.00046315311919897795,Flute
3eaddda8.wav,Flute,0.011428913101553917,9.9559463251353e-07,0.01968226581811905,0.017993705347180367,0.0007236058008857071,0.8277838826179504,0.00011047315638279542,0.11447715759277344,2.6122286271856865e-06,0.007796306163072586,Flute
1b93aeba.wav,Flute,0.002780158305540681,1.285202638756644e-10,3.9993421523831785e-05,0.00010054486483568326,4.3089163227705285e-05,0.9940848350524902,1.7940757213175118e-10,0.00010896374442381784,2.7390345547217976e-09,0.0028425503987818956,Flute
c683f28f.wav,Flute,8.478840754833072e-06,9.38773730518698e-14,6.467765274464909e-07,0.005129532422870398,1.2022208228934517e-10,0.9865652322769165,2.1002274084355038e-13,1.6266520106000826e-05,2.5026927752413997e-10,0.008280054666101933,Flute
55d52a69.wav,Flute,6.766001647839914e-11,2.192791087596291e-12,5.425124527391745e-07,0.00031283017597161233,7.738742091589756e-09,0.9863227605819702,2.4241006879761884e-13,0.01335886586457491,4.772641091221885e-07,4.570136297843419e-06,Flute
ca8653d2.wav,Flute,6.37971970718354e-05,1.681366690320374e-08,0.004400103818625212,0.011748046614229679,0.0032777348533272743,0.9656925201416016,1.4144464488552444e-09,0.013571488671004772,8.138469453911057e-09,0.001246218103915453,Flute
6b27a847.wav,Flute,1.195619461213937e-06,4.6992780872958894e-21,4.875805004189715e-08,2.2252281269175e-05,3.66136287954788e-12,0.9999770522117615,2.779469634051762e-13,1.3428977374552176e-10,7.0697198366765496e-15,8.606539481093023e-09,Flute
4bcc8a77.wav,Flute,8.638046438136371e-07,4.064396819103422e-08,2.1039437342551537e-05,0.0001055529501172714,0.0010365467751398683,0.9888554811477661,2.1011393579878357e-13,0.009569390676915646,1.5749986914670444e-07,0.0004108245193492621,Flute
84f5b84b.wav,Flute,2.3175205114966957e-06,2.432766488258409e-10,2.621268313518499e-09,0.0008974479278549552,1.7760669379640603e-08,0.9918779730796814,2.4428365146683673e-13,0.0008168412605300546,2.351596565045022e-13,0.006405342370271683,Flute
5d73ee6f.wav,Flute,0.009939748793840408,1.2938137842866126e-05,0.0021960667800158262,0.048978161066770554,0.009507773444056511,0.8119016885757446,0.0004040237399749458,0.08484656363725662,2.0601277356036007e-05,0.03219260647892952,Flute
5d040c3b.wav,Flute,0.00850688200443983,1.246158262802055e-06,0.0002733021683525294,7.949712016852573e-05,0.0014378437772393227,0.973755955696106,2.0874454942365617e-11,0.015399557538330555,0.0003518344019539654,0.0001937544293468818,Flute
6a037ddf.wav,Flute,3.0958344776621516e-09,9.184071038392805e-12,2.4132875751092797e-06,0.010525926947593689,1.4903849887559772e-07,0.9888095259666443,3.5144941969676713e-13,0.0006543644121848047,6.227976467876317e-11,7.79395122663118e-06,Flute
35e97db3.wav,Flute,2.8210310547318305e-16,3.1659846958439725e-23,1.2789750164264666e-16,3.085434130412068e-08,3.3502312997923077e-15,0.9999995827674866,2.1992581367147324e-11,7.745716503089473e-15,2.869962568378265e-13,4.1759864188861684e-07,Flute
d14f5df1.wav,Flute,0.005303020589053631,1.932614395627752e-06,0.007073419634252787,0.00475509837269783,0.00916693452745676,0.9049854278564453,1.7274423558255592e-10,0.039096400141716,1.510092175749378e-07,0.029617654159665108,Flute
9f522cda.wav,Flute,2.160077883672784e-06,5.254594725556672e-06,3.2840887342899805e-06,0.016191469505429268,9.206175309373066e-05,0.9535250663757324,7.0428480825057704e-09,0.008946535177528858,1.0130521332030185e-05,0.02122410014271736,Flute
fe76c972.wav,Flute,0.0016709573101252317,7.010369529325544e-08,0.0067734019830822945,0.0020539751276373863,0.000530713761691004,0.9753679037094116,5.34629513992968e-08,0.00981020275503397,4.627858274375285e-08,0.0037927022203803062,Flute
562d93f5.wav,Flute,0.0006382448482327163,3.366277923078087e-09,0.007918883115053177,0.03916892781853676,0.008019468747079372,0.9390091896057129,9.916632792705826e-11,0.004926756955683231,2.111417387595793e-07,0.0003179455816280097,Flute
fa32109e.wav,Flute,0.0005715684383176267,4.467811454134107e-09,0.010771434754133224,0.03096686489880085,0.00015914968389552087,0.9488831758499146,3.4634736051364357e-11,0.008261049166321754,7.052734264656468e-12,0.00038657046388834715,Flute
b4b2b68d.wav,Flute,0.009480821900069714,9.448778541809588e-07,0.016656478866934776,0.011284197680652142,0.014967471361160278,0.9191253781318665,4.3996266185786226e-08,0.017082149162888527,0.0007899367483332753,0.01061246357858181,Flute
af227d6f.wav,Flute,0.0001327579957433045,9.630706472307793e-07,0.0012316253269091249,0.020344486460089684,6.85497434460558e-05,0.9199103116989136,8.040790810959209e-10,0.050612181425094604,3.5244561047420575e-08,0.007699127309024334,Flute
85d6a7d2.wav,Flute,4.1383758798474446e-05,1.335332733276573e-09,0.000568956951610744,0.006830375641584396,5.407765638665296e-05,0.9258741140365601,1.584074538207858e-11,0.06288058310747147,1.4227472533434593e-08,0.0037504725623875856,Flute
3707da71.wav,Flute,0.0021123678889125586,6.161400051496457e-06,0.030410321429371834,0.05209101736545563,0.0006051984382793307,0.8479873538017273,0.0007661837735213339,0.04083101823925972,2.3920660169096664e-05,0.025166328996419907,Flute
61c914b1.wav,Flute,9.947527246367827e-08,2.638399776433431e-10,8.051138422615622e-08,0.03528165444731712,4.12983050535054e-11,0.9629670977592468,3.752015642621842e-10,7.479788109776564e-06,7.300040124391671e-06,0.0017358792247250676,Flute
f5e20dce.wav,Flute,0.06940428167581558,0.00011435781925683841,0.069636769592762,0.049108318984508514,0.032432690262794495,0.7335413694381714,0.0005307550891302526,0.03186759725213051,0.0025647596921771765,0.010799068957567215,Flute
b0d9849d.wav,Flute,1.9062841829509125e-06,5.425143854154157e-07,0.000635486445389688,0.016264213249087334,4.3621903955681773e-07,0.9721778631210327,1.3971287460279314e-09,0.005900684278458357,4.240149337420007e-06,0.005014670081436634,Flute
6ef82473.wav,Flute,0.007730700075626373,2.163705630664481e-06,0.0031931917183101177,0.011421100236475468,0.020382825285196304,0.9000630378723145,7.697573778386868e-08,0.048664458096027374,1.230435202614899e-07,0.008542039431631565,Flute
8986cced.wav,Flute,4.754141968987824e-07,4.1615994206267715e-08,3.654188185464591e-05,5.935153239988722e-05,2.1353953627567535e-07,0.9871987700462341,1.1219843720766676e-08,0.0014045112766325474,0.010971661657094955,0.00032858288614079356,Flute
a64a3740.wav,Clarinet,3.361464162576766e-10,1.0961205901272031e-11,1.0526905569463452e-08,0.9908170700073242,1.1574729889829438e-11,0.003807318164035678,3.1252465060305212e-09,3.049474983640721e-08,0.00529898889362812,7.669736805837601e-05,Clarinet
ad7ec8cb.wav,Clarinet,6.01090222518072e-14,4.47565324645377e-13,1.5979770675092486e-12,0.999987006187439,9.666115699741643e-14,1.2966513907031185e-07,9.588819538733362e-15,1.824638530545375e-11,1.0395627469961255e-07,1.2818471986975055e-05,Clarinet
8ee44fb5.wav,Clarinet,0.0006639349739998579,3.4657176684049773e-07,0.00013505012611858547,0.9840935468673706,0.004847698844969273,0.0011645901249721646,1.666188381932443e-06,6.543174822581932e-05,0.005754276178777218,0.003273583948612213,Clarinet
7eb959ec.wav,Clarinet,0.0007501445361413062,9.231284820998553e-06,0.0008412709576077759,0.9861649870872498,0.0004648866888601333,3.738830127986148e-05,1.8566430171063075e-08,0.0073394919745624065,0.004330880474299192,6.162035424495116e-05,Clarinet
e51e1770.wav,Clarinet,4.794617780135013e-06,5.486141258620979e-14,1.4396780989578417e-10,0.9750266075134277,7.962446674225632e-11,0.00024877075338736176,1.3473297130750517e-11,0.024587450549006462,1.2922345415944392e-09,0.00013240744010545313,Clarinet
3f7e6da8.wav,Clarinet,0.000345687847584486,9.915506193891588e-10,4.7300186452048365e-06,0.9892770648002625,9.763522393768653e-05,1.533279828436207e-05,8.253504347521812e-06,0.010250101797282696,1.1695849480020115e-06,9.378982213092968e-08,Clarinet
3cbe9902.wav,Clarinet,4.6439828338407096e-07,8.658922645739253e-13,2.2949375733105626e-08,0.9997020959854126,0.00027647786191664636,2.1017083781771362e-05,1.29550368913392e-13,6.08916961297723e-09,2.3769000101481197e-09,3.5653255348044866e-10,Clarinet
9a722e53.wav,Clarinet,8.758487638260704e-06,1.1760972004495971e-14,1.1359799145793659e-07,0.9967942833900452,9.201666273384035e-08,4.034233825223055e-06,1.019315853945102e-09,0.0031929269898682833,7.771734644723693e-13,7.022384895805089e-10,Clarinet
19105b8a.wav,Clarinet,0.0018136835424229503,5.6790816493901275e-09,0.009837468154728413,0.9830171465873718,0.00041364980279468,0.003144353860989213,1.377403168589808e-05,0.0015309917507693172,3.313453134978772e-06,0.0002256692823721096,Clarinet
1f81cc2b.wav,Clarinet,0.0021279763896018267,2.2812440647612675e-07,0.0005710110999643803,0.960884153842926,0.0015249637654051185,0.016002705320715904,4.7033740457891327e-08,0.014798406511545181,0.0027531052473932505,0.0013373515103012323,Clarinet
44c5094c.wav,Clarinet,3.891415900625361e-08,9.934175200119674e-15,0.0001550359302200377,0.9704489707946777,2.6304528217072076e-13,0.014192151837050915,3.1417798663699236e-17,0.015202590264379978,7.776725791108774e-11,1.304092506870802e-06,Clarinet
5506629f.wav,Clarinet,2.2524431187775917e-05,5.803077328891959e-06,0.002352268435060978,0.9973981380462646,0.00014228506188374013,4.520145012065768e-05,8.781195326434954e-09,3.2580458082520636e-06,5.443119789561024e-06,2.510935883037746e-05,Clarinet
ddf23920.wav,Clarinet,1.441697605741865e-07,1.6170438599250048e-10,5.2706180753148146e-08,0.9896543025970459,3.248127027760672e-12,0.009690938517451286,0.00016613489424344152,0.00015371556219179183,1.9237029391661054e-07,0.0003346956509631127,Clarinet
2e1cd085.wav,Clarinet,1.9097612380392093e-11,7.53084039573082e-10,1.12740667496114e-11,0.9933262467384338,7.594700562885137e-11,0.006397761404514313,1.5853074061822348e-12,3.995074937535037e-09,4.343670661910437e-05,0.0002328857808606699,Clarinet
dc981a38.wav,Clarinet,0.0010364479385316372,7.000514301580552e-07,0.003413248574361205,0.7778449058532715,0.0019049711991101503,0.1611214280128479,2.104581930950644e-08,0.052034977823495865,2.2801468730904162e-05,0.002620444865897298,Clarinet
a053797b.wav,Clarinet,0.00101501087192446,4.295711009127956e-10,6.052052412997e-06,0.9978533983230591,8.538665861124173e-05,6.9434454417205416e-06,7.247094591100733e-11,0.0010329444194212556,6.8550574288187e-13,1.05193947774751e-07,Clarinet
f2310f0d.wav,Clarinet,0.014853649772703648,1.4764777941933538e-11,1.4147471638636944e-08,0.9851306080818176,7.35131436613301e-07,3.337157181704242e-07,2.2085021311735176e-11,1.4921465663064737e-05,2.2129735110371085e-12,1.837169918417203e-07,Clarinet
ce65d6b5.wav,Clarinet,1.8741618987405673e-05,4.64604621441822e-09,1.9456902009551413e-05,0.987803041934967,0.011144617572426796,3.51235121343052e-06,9.466235434407722e-11,0.001010421896353364,4.880918260709299e-13,3.321417807455873e-07,Clarinet
45de3233.wav,Clarinet,9.734386367199477e-06,6.581315492582007e-10,3.694884298965917e-06,0.9999316930770874,3.0938811050873483e-06,7.746844858047552e-06,2.9621727293260847e-09,4.377279037726112e-05,2.2794698395500745e-07,1.4184664109961886e-07,Clarinet
8916ffcd.wav,Clarinet,1.263427520825644e-06,1.266610982374514e-16,3.548057847524433e-08,0.999550461769104,4.241371143187678e-11,0.00013791347737424076,3.387828445342966e-16,3.1852719985181466e-05,6.54684639833647e-10,0.0002787344856187701,Clarinet
e43f7db2.wav,Clarinet,4.006185747584823e-07,4.791368259341548e-17,0.005020487122237682,0.9542043805122375,9.281691084120358e-13,0.006629730574786663,3.8286604958734805e-15,0.027700280770659447,4.9661782242083063e-08,0.00644465908408165,Clarinet
3c66098d.wav,Clarinet,2.393604745520861e-06,1.203608827188285e-11,1.9719132069440093e-06,0.6523365378379822,1.0408986561571965e-08,0.3476243317127228,4.34856559650143e-07,1.594210152688902e-05,1.3264910059263002e-08,1.8334203559788875e-05,Clarinet
ad42e493.wav,Clarinet,6.422639853553846e-05,3.337385923174452e-10,3.683189504499751e-07,0.9999001026153564,9.338768904854078e-06,2.955917750568915e-07,5.366828759179043e-09,2.489801772753708e-05,2.361748296930699e-11,9.065141171049618e-07,Clarinet
740e5bb7.wav,Clarinet,0.0068003153428435326,5.151917503098957e-05,0.009218276478350163,0.9599608778953552,0.013197717256844044,0.009308627806603909,4.878416075371206e-05,0.0010517536429688334,0.0002709306718315929,9.087935904972255e-05,Clarinet
800b401e.wav,Clarinet,0.0001598230010131374,1.352866320303292e-06,0.0021803940180689096,0.9822694063186646,0.0002952665672637522,0.00781833752989769,1.0416252749223531e-08,0.0049382662400603294,1.3853667041985318e-05,0.0023234086111187935,Clarinet
3c713bcf.wav,Clarinet,3.237917917431332e-05,1.1941565070117122e-08,5.675767533830367e-05,0.9922104477882385,2.13611906474398e-06,2.2983039116297732e-07,2.043142330876435e-06,0.0076933433301746845,1.7820367759213696e-07,2.707672820179141e-06,Clarinet
2fc00271.wav,Clarinet,5.21252377438941e-06,1.372983541095274e-12,0.00014685360656585544,0.9998303055763245,7.014464813437371e-07,1.704562600934878e-05,1.148063241696029e-11,8.185592648146667e-09,1.6233997479631057e-10,4.536328646054244e-08,Clarinet
b0c06255.wav,Clarinet,9.205682727042586e-05,1.3512269374151703e-13,1.4998437336544157e-06,0.9403336644172668,1.5270334996486667e-09,0.018673233687877655,7.620409294903374e-13,0.033705636858940125,2.0641992559689015e-09,0.0071938531473279,Clarinet
71c6451f.wav,Clarinet,3.486025335064369e-08,8.275733307527844e-06,5.3756639317725785e-06,0.9566709399223328,1.9860235056512465e-07,0.020914606750011444,1.9841902485495666e-06,0.012717214412987232,0.009280901402235031,0.0004005767113994807,Clarinet
5de123c3.wav,Clarinet,5.034718924434856e-06,1.9468369139019615e-09,3.03741981042549e-05,0.9711163640022278,1.363771531259772e-07,0.0012362772831693292,1.1971659774623333e-10,0.013680623844265938,0.011959673836827278,0.0019717009272426367,Clarinet
